name,id,tier,rarity,base value,range,damage/second,damage/shot,emp,impact,turn rate,OPs,ammo,ammo/sec,reload size,type,energy/shot,energy/second,chargeup,chargedown,burst size,burst delay,min spread,max spread,spread/shot,spread decay/sec,beam speed,proj speed,launch speed,flight time,proj hitpoints,autofireAccBonus,extraArcForAI,hints,tags,groupTag,tech/manufacturer,for weapon tooltip>>,primaryRoleStr,speedStr,trackingStr,turnRateStr,accuracyStr,customPrimary,customPrimaryHL,customAncillary,customAncillaryHL,noDPSInTooltip,number
Snowspeck Emitter,arctic_ss_emitter,1,,200,250,,25,,1,75,4,,,,FRAGMENTATION,1,,0,0.05,1,,0,15,1,15,,800,,,10,,,PD,"pd7, SR, arctic_bp, arctic",,Arctic Laboratories,,Point Defense,,,,,,,,,,1
Ice Needle,arctic_ice_needle,2,0.5,600,700,,100,,10,30,7,,,,KINETIC,90,,0.6,0,1,,,,,,,1000,,,50,,,,"kinetic8, LR, arctic, rare_bp, hist1t",,Arctic Laboratories,,Anti Shield,,,,,,,,,,3.75
Light Snowball Launcher,arctic_light_sl,0,,75,600,,75,,4,30,2,,,,HIGH_EXPLOSIVE,50,,0,1,1,,0,15,3,10,,500,,,10,,,,"he6, arctic_bp, arctic",,Arctic Laboratories,,Anti Armor,,,,,,,,,,0.75
Frost Ray,arctic_frost_ray,1,,200,1000,150,,,0,20,4,,,,FRAGMENTATION,,40,0.1,0.1,,,,,,,2400,,,,,,,,"beam9, LR, arctic_bp, arctic",,Arctic Laboratories,,Suppression,,,,,,,,,,18
,,,,,,,,,,,,,,,,,,,,,,,,,,,,,,,,,,,,,,,,,,,,,,,,
Snowspeck Cannon,arctic_ss_cannon,1,,1000,500,,200,,10,40,8,,,,FRAGMENTATION,50,,0,1,1,,0,10,2,10,,700,,,30,,,PD,"pd13, SR, arctic_bp, arctic",,Arctic Laboratories,,Point Defense (Area),,,,,,,,,,4
Dual Snowspeck Cannon,arctic_dual_ss_cannon,2,,1400,400,,150,,10,60,12,,,,FRAGMENTATION,50,,0,0.333333,1,,0,10,2,10,,700,,,30,,,PD,"pd15, SR, arctic, rare_bp",,Arctic Laboratories,,Point Defense (Area),,,,,,,,,,4.25
Ice Spear,arctic_ice_spear,3,0.3,2250,1000,,350,,40,10,13,,,,KINETIC,350,,0,2,1,,,,,,,1000,,,300,,,,"kinetic15, LR, arctic, rare_bp",,Arctic Laboratories,,Anti Shield,,,,,,,,,,5.5
Heavy Snowball Launcher,arctic_heavy_sl,0,,600,700,,110,,12,30,7,,,,HIGH_EXPLOSIVE,90,,0,0.7,2,0.3,0,20,5,5,,500,,,30,,,,"he11, arctic_bp, arctic",,Arctic Laboratories,,Anti Armor,,,,,,,,,,3.9
Ice Ray,arctic_ice_ray,2,,1500,1000,200,,,10,15,9,,,,FRAGMENTATION,,50,0.1,0.1,,,,,,,2400,,,,,,,,"beam12, LR, arctic_bp, arctic",,Arctic Laboratories,,Suppression,,,,,,,,,,21
,,,,,,,,,,,,,,,,,,,,,,,,,,,,,,,,,,,,,,,,,,,,,,,,
Ice Lance,arctic_ice_lance,3,,5000,1200,,700,,300,3,25,,,,KINETIC,1200,,1,1,,,,,,,,1200,,,400,,,,"kinetic20, LR, rare_bp, hist1t, arctic",,Arctic Laboratories,,Anti Shield,,,,,,,,,,6
Iced Snowball Cannon,arctic_iced_sc,0,,3000,900,,750,,200,5,16,,,,HIGH_EXPLOSIVE,750,,0,3,1,,0,10,5,10,,500,,,400,,,,"he18, lowtech_bp, merc, ind",,Arctic Laboratories,,Anti Armor,,,,,,,,,,8
Freeze Ray,arctic_freeze_ray,1,,4500,1000,1000,,,0,5,20,,,,FRAGMENTATION,,250,0.1,0.1,,,,,,,2400,,,,,,,,"beam20, LR, arctic_bp, arctic",,Arctic Laboratories,,Suppression,,,,,,,,,,24
,,,,,,,,,,,,,,,,,,,,,,,,,,,,,,,,,,,,,,,,,,,,,,,,
Freon Torpedo,arctic_freon,1,,200,1200,,4000,,75,10,2,1,,,ENERGY,0,,0,5,1,,0,0,0,0,,400,100,3.5,500,,,STRIKE,"strike8, rocket3, arctic_bp, arctic",,Arctic Laboratories,,Torpedo,Fast,None,,,,,,,TRUE,9
Frozen Eye DEM SRM (Single),arctic_eye_single,2,,250,1200,,400,,15,30,5,1,,,FRAGMENTATION,0,,0,10,1,,0,0,0,0,,150,25,5,250,,,"DO_NOT_AIM, SYSTEM","missile6, damage_special, damage_soft_flux",,Arctic Laboratories,,Suppression,Slow,Good,,,"The missile fires an ice beam at the target, dealing approximately %s fragmentation damage over the course of %s seconds. This damage is affected by missile damage modifiers and not energy weapon ones.",2000 | 10,,,TRUE,11.93
Frozen Eye DEM SRM,arctic_eye,2,,250,1200,,400,,15,30,5,6,,,FRAGMENTATION,0,,0,10,1,,0,0,0,0,,150,25,5,250,,,DO_NOT_AIM,"missile6, arctic, rare_bp, damage_special, damage_soft_flux",,Arctic Laboratories,,Suppression,Slow,Good,,,"The missile fires an ice beam at the target, dealing approximately %s fragmentation damage over the course of %s seconds. This damage is affected by missile damage modifiers and not energy weapon ones.",2000 | 10,,,TRUE,11.94
    Frozen Eye - Payload,arctic_eye_payload,2,,0,1000,200,,,20,30,0,,,,FRAGMENTATION,0,,0.1,0.1,10,0.5,,,,,2400,,,,,,,SYSTEM,,,,,,,,,,,,,,,11.95
,,,,,,,,,,,,,,,,,,,,,,,,,,,,,,,,,,,,,,,,,,,,,,,,
Freon Torpedo Tube,arctic_freon_tube,1,,1200,1200,,4000,,75,20,10,6,,,ENERGY,0,,0,15,1,,0,0,0,0,,400,100,3.5,500,,,STRIKE,"strike13, rocket8, arctic_bp, arctic",,Arctic Laboratories,,Torpedo,Fast,None,,,,,,,TRUE,14
Frozen Eye SRM Pod,arctic_eye_pod,2,,250,1200,,400,,15,10,10,18,,,FRAGMENTATION,0,,0,9.5,2,0.5,0,0,0,0,,150,25,5,250,,,DO_NOT_AIM,"missile12, arctic, rare_bp, damage_special, damage_soft_flux",,Arctic Laboratories,,Suppression,Slow,Good,,,"Each missile fires an ice beam at the target, dealing approximately %s kinetic damage over the course of %s seconds. This damage is affected by missile damage modifiers and not energy weapon ones.",2000 | 10,,,TRUE,12.21
,,,,,,,,,,,,,,,,,,,,,,,,,,,,,,,,,,,,,,,,,,,,,,,,
Freon Torpedo Launcher,arctic_freon_launcher,2,,5000,1200,,4000,,75,20,26,20,,,ENERGY,0,,0,9.75,2,0.25,0,0,0,0,,400,400,3.5,500,,,STRIKE,"strike18, rocket14, rare_bp, arctic",,Arctic Laboratories,,Torpedo,Fast,None,,,A booster system accelerates the torpedo to its top speed before it leaves the launch tube.,,,,TRUE,15
Frozen Four Eyes DEM Rack,arctic_eye_rack,2,,1250,1200,,400,,30,10,20,52,,,FRAGMENTATION,0,,0,5,4,0.5,0,0,0,0,,150,25,5,250,,,DO_NOT_AIM,"missle24, rare_bp, arctic, damage_special, damage_soft_flux",,Arctic Laboratories,,Suppression,Slow,Good,,,"Each missile fires an ice beam at the target, dealing approximately %s kinetic damage over the course of %s seconds. This damage is affected by missile damage modifiers and not energy weapon ones.",2000 | 10,,,TRUE,16.4
