{
    "id":"nefja_arcticlaboratories", # For the convenience of troubleshooters, include your name and the mod name, not just an acronym.
	"name":"Arctic Laboratories", # Displayed to the player
	"author":"Nefja",
    "utility":"false",
	"version":"0.0.1",
	"description":"A faction with an Arctic theme.",
    "gameVersion": "0.97a", 
  	"jars":["jars/ArcticLaboratories.jar"],
  	"modPlugin":"nefja.arcticlaboratories.ArcticLaboratoriesPlugin",
	  	"dependencies": [
        #{
        #    "id": "lw_lazylib",
        #    "name": "LazyLib",
        #    #"version": "2.7b"
        #},
        #{
        #    "id": "MagicLib",
        #    "name": "MagicLib",
        #    #"version": "0.34"
        #},
        #{
        #    "id": "shaderLib",
        #    "name": "GraphicsLib",
        #    #"version": "1.5.1"
        #}
    ],
}
